Codes,Labels
EL,Greece
YT,Mayotte (FR - part of EU as of 01.01.2014)
INT_EU27_2020,Intra-EU27 (from 2020)
IS,Iceland
LI,Liechtenstein
NO,Norway
CH,Switzerland
UK,United Kingdom
ME,Montenegro
MK,North Macedonia
AL,Albania
RS,Serbia
TR,Turkiye
AD,Andorra
BY,Belarus
BA,Bosnia and Herzegovina
FO,Faroes (DK)
GI,Gibraltar (UK)
VA,Holy See (the)/Vatican City State
XK,Kosovo (under United Nations Security Council Resolution 1244/99)
MD,Moldova
RU,Russia
SM,San Marino
UA,Ukraine
RS_ME,Former Serbia and Montenegro (before 2006)/Total components of the former Serbia and Montenegro
EXT_EU27_2020,Extra-EU27 (from 2020)
AO,Angola
CM,Cameroon
CF,Central African Republic
TD,Chad
CG,Congo
CD,Democratic Republic of the Congo
GQ,Equatorial Guinea
GA,Gabon
ST,Sao Tome and Principe
BI,Burundi
KM,Comoros
DJ,Djibouti
ER,Eritrea
ET,Ethiopia
KE,Kenya
MG,Madagascar
MW,Malawi
MU,Mauritius
MZ,Mozambique
RW,Rwanda
SC,Seychelles
SO,Somalia
UG,Uganda
TZ,Tanzania
ZM,Zambia
ZW,Zimbabwe
DZ,Algeria
EG,Egypt
LY,Libya
MA,Morocco
SS,South Sudan
SD,Sudan
TN,Tunisia
EH,Western Sahara
BW,Botswana
LS,Lesotho
NA,Namibia
ZA,South Africa
SZ,Eswatini
BJ,Benin
BF,Burkina Faso
CV,Cabo Verde
CI,Cote d'Ivoire
GM,Gambia The
GH,Ghana
GN,Guinea
GW,Guinea-Bissau
LR,Liberia
ML,Mali
MR,Mauritania
NE,Niger
NG,Nigeria
SH,Saint Helena Ascension and Tristan da Cunha (UK)
SN,Senegal
SL,Sierra Leone
TG,Togo
BM,Bermuda (UK)
CA,Canada
GL,Greenland (DK)
PM,Saint Pierre and Miquelon (FR)
US,United States
AI,Anguilla (UK)
AG,Antigua and Barbuda
AW,Aruba (NL)
BS,Bahamas
BB,Barbados
BQ,Bonaire Saint Eustatius and Saba
VG,British Virgin Islands (UK)
KY,Cayman Islands (UK)
CU,Cuba
CW,Curacao
DM,Dominica
DO,Dominican Republic
GD,Grenada
HT,Haiti
JM,Jamaica
MS,Montserrat (UK)
AN,Former Netherlands Antilles
BL,Saint-Barthelemy (FR)
KN,Saint Kitts and Nevis
LC,Saint Lucia
VC,Saint Vincent and the Grenadines
SX,Sint Maarten
TT,Trinidad and Tobago
TC,Turks and Caicos Islands (UK)
VI,US Virgin Islands (US)
BZ,Belize
CR,Costa Rica
SV,El Salvador
GT,Guatemala
HN,Honduras
MX,Mexico
NI,Nicaragua
PA,Panama
AR,Argentina
BO,Bolivia
BR,Brazil
CL,Chile
CO,Colombia
EC,Ecuador
FK,Falkland Islands (UK)
GY,Guyana
PY,Paraguay
PE,Peru
SR,Suriname
UY,Uruguay
VE,Venezuela
KZ,Kazakhstan
KG,Kyrgyzstan
TJ,Tajikistan
TM,Turkmenistan
UZ,Uzbekistan
CN,China including Hong Kong
HK,Hong Kong
MO,Macao
JP,Japan
MN,Mongolia
KP,North Korea
KR,South Korea
TW,Taiwan
AF,Afghanistan
BD,Bangladesh
BT,Bhutan
IO,British Indian Ocean Territory (UK)
IN,India
IR,Iran
MV,Maldives
NP,Nepal
PK,Pakistan
LK,Sri Lanka
BN,Brunei Darussalam
KH,Cambodia
ID,Indonesia
LA,Laos
MY,Malaysia
MM,Myanmar/Burma
PH,Philippines
SG,Singapore
TH,Thailand
TL,Timor-Leste
VN,Vietnam
AM,Armenia
AZ,Azerbaijan
BH,Bahrain
GE,Georgia
IQ,Iraq
IL,Israel
JO,Jordan
KW,Kuwait
LB,Lebanon
PS,Palestine
OM,Oman
QA,Qatar
SA,Saudi Arabia
SY,Syria
AE,United Arab Emirates
YE,Yemen
AU,Australia
CX,Christmas Island (AU)
CC,Cocos (Keeling) Islands (AU)
HM,Heard Island and McDonald Islands (AU)
NF,Norfolk Island (AU)
NZ,New Zealand
FJ,Fiji
NC,New Caledonia (FR)
PG,Papua New Guinea
SB,Solomon Islands
VU,Vanuatu
GU,Guam (US)
KI,Kiribati
MH,Marshall Islands
FM,Federated States of Micronesia
NR,Nauru
MP,Northern Mariana Islands (US)
PW,Palau
AS,American Samoa (US)
CK,Cook Islands (NZ)
PF,French Polynesia (FR)
NU,Niue (NZ)
PN,Pitcairn Islands (UK)
WS,Samoa
TK,Tokelau (NZ)
TO,Tonga
TV,Tuvalu
WF,Wallis and Futuna (FR)
UM,United States Minor Outlying Islands (US)
AQ,Antarctica
BV,Bouvet Island (NO)
GS,South Georgia and the South Sandwich Islands (UK)
TF,French Southern and Antarctic Lands (FR)